{
    "parent": "atlanticuhc:root",
    "display": {
      "icon": {
        "item": "minecraft:golden_apple"
      },
      "title": {
        "text": "Un cuore d'oro"
      },
      "description": {
        "text": "Mangiatore accanito di mele d'oro"
      },
      "frame": "goal",
      "show_toast": true,
      "announce_to_chat": true,
      "hidden": false
    },
    "rewards": {
      "experience": 100
    },
    "criteria": {
      "gapple": {
        "trigger": "minecraft:consume_item",
        "conditions": {
          "item": {
            "item": "minecraft:golden_apple"
          }
        }
      }
    },
    "requirements": [
        ["gapple"]
    ]
}