{
    "parent": "atlanticuhc:root",
    "display": {
      "icon": {
        "item": "minecraft:trident",
        "nbt":"{Enchantments:[{lvl:1s,id:\"minecraft:sharpness\"}]}"
      },
      "title": {
        "text": "Sei un killer!"
      },
      "description": {
        "text": "Uccidi un player"
      },
      "frame": "goal",
      "show_toast": true,
      "announce_to_chat": true,
      "hidden": false
    },
    "criteria": {
      "killer": {
        "trigger": "minecraft:player_killed_entity",
        "conditions": {
          "entity": {
            "type": "player"
          }
        }
      }
    },
    "requirements": [
        ["killer"]
    ]
}