{
    "display":{
        "background":"minecraft:textures/block/horn_coral_block.png",
        "icon": {
            "item":"minecraft:heart_of_the_sea"
        },
        "title":{
            "text": "AtlanticUHC"
        },
        "description":{
            "text": "Inizia la Atlantic UHC"
        },
        "frame": "challenge",
        "show_toast":false,
        "announce_to_chat": false,
        "hidden": false        
    },
    "criteria": {
        "impossible": {
            "trigger": "minecraft:impossible"
        }
    }
}