{
    "parent": "atlanticuhc:root",
    "display": {
      "icon": {
        "item": "minecraft:fishing_rod"
      },
      "title": {
        "text": "Sampei"
      },
      "description": {
        "text": "Pescatore provetto"
      },
      "frame": "goal",
      "show_toast": true,
      "announce_to_chat": true,
      "hidden": true
    },
    "criteria": {
      "fished": {
        "trigger": "minecraft:fishing_rod_hooked"
      }
    },
    "requirements": [
      ["fished"]
    ]
  }