{
    "pools": [
        {
            "rolls": 1,
            "entries": [
                {
                    "type": "item",
                    "name": "minecraft:skull",
					"weight": 40,
                    "functions": [
                        {
                            "function": "set_data",
                            "data": 3
						},
						{
							"function": "set_nbt",
							"tag": "{display:{LocName:\"Fish Head\"},SkullOwner:{Id:\"8f718637-6901-4301-bd98-ebde0cc19ed8\",Properties:{textures:[{Value:\"eyJ0ZXh0dXJlcyI6eyJTS0lOIjp7InVybCI6Imh0dHA6Ly90ZXh0dXJlcy5taW5lY3JhZnQubmV0L3RleHR1cmUvNmY5OWI1ODBkNDVhNzg0ZTdhOTY0ZTdkM2IxZjk3Y2VjZTc0OTExMTczYmQyMWMxZDdjNTZhY2RjMzg1ZWQ1In19fQ==\"}]}}}"
                        }
                    ]
                },
                {
                    "type": "item",
                    "name": "minecraft:skull",
					"weight": 30,
                    "functions": [
                        {
                            "function": "set_data",
							"data": 3
						},
						{
							"function": "set_nbt",
							"tag": "{display:{LocName:\"Salmon Head\"},SkullOwner:{Id:\"e246c06c-5d6a-4fd9-b600-c6bd71336b7a\",Properties:{textures:[{Value:\"eyJ0ZXh0dXJlcyI6eyJTS0lOIjp7InVybCI6Imh0dHA6Ly90ZXh0dXJlcy5taW5lY3JhZnQubmV0L3RleHR1cmUvYWRmYzU3ZDA5MDU5ZTQ3OTlmYTkyYzE1ZTI4NTEyYmNmYWExMzE1NTc3ZmUzYTI3YWVkMzg5ZTRmNzUyMjg5YSJ9fX0=\"}]}}}"
                        }
                    ]
                },
                {
                    "type": "item",
                    "name": "minecraft:skull",
					"weight": 10,
                    "functions": [
                        {
                            "function": "set_data",
                            "data": 3
						},
						{
							"function": "set_nbt",
							"tag": "{display:{LocName:\"Clownfish Head\"},SkullOwner:{Id:\"7b314fba-09ab-4ab6-b956-cec6a5fcbed5\",Properties:{textures:[{Value:\"eyJ0ZXh0dXJlcyI6eyJTS0lOIjp7InVybCI6Imh0dHA6Ly90ZXh0dXJlcy5taW5lY3JhZnQubmV0L3RleHR1cmUvMzZkMTQ5ZTRkNDk5OTI5NjcyZTI3Njg5NDllNjQ3Nzk1OWMyMWU2NTI1NDYxM2IzMjdiNTM4ZGYxZTRkZiJ9fX0=\"}]}}}"
                        }
                    ]
                },
                {
                    "type": "item",
                    "name": "minecraft:skull",
					"weight": 20,
                    "functions": [
                        {
                            "function": "set_data",
                            "data": 3
						},
						{
							"function": "set_nbt",
							"tag": "{display:{LocName:\"Pufferfish Head\"},SkullOwner:{Id:\"b4630012-0e65-4a3d-bfd6-5024b782ab69\",Properties:{textures:[{Value:\"eyJ0ZXh0dXJlcyI6eyJTS0lOIjp7InVybCI6Imh0dHA6Ly90ZXh0dXJlcy5taW5lY3JhZnQubmV0L3RleHR1cmUvYTk1NTkzODg5OTNmZTc4MmY2N2JkNThkOThjNGRmNTZiY2Q0MzBlZGNiMmY2NmVmNTc3N2E3M2MyN2RlMyJ9fX0=\"}]}}}"
                        }
                    ]
                }
            ]
        }
    ]
}