{
  "parent": "minecraft:recipes/root",
  "rewards": {
    "recipes": [
      "minecraft:dried_kelp"
    ]
  },
  "criteria": {
    "has_at_least_9_dried_kelp": {
      "trigger": "minecraft:inventory_changed",
      "conditions": {
        "items": [
          {
            "item": "minecraft:dried_kelp",
            "count": {
              "min": 9
            }
          }
        ]
      }
    },
    "has_dried_kelp_block": {
      "trigger": "minecraft:inventory_changed",
      "conditions": {
        "items": [
          {
            "item": "minecraft:dried_kelp_block"
          }
        ]
      }
    },
    "has_the_recipe": {
      "trigger": "minecraft:recipe_unlocked",
      "conditions": {
        "recipe": "minecraft:dried_kelp"
      }
    }
  },
  "requirements": [
    [
      "has_at_least_9_dried_kelp",
      "has_dried_kelp_block",
      "has_the_recipe"
    ]
  ]
}