{
    "type": "crafting_shapeless",
    "ingredients": [
        {
            "item": "minecraft:ghast_tear"
        },
        {
            "item": "minecraft:ender_eye"
        },
        {
            "item": "minecraft:nether_wart"
        },
        {
            "item": "minecraft:poisonous_potato"
        },
        {
            "item": "minecraft:nether_star"
        },
        {
            "item": "minecraft:golden_apple"
        },
        {
            "item": "minecraft:fire_charge"
        },
        {
            "item": "minecraft:mushroom_stew"
        },
        {
            "item": "minecraft:magma_cream"
        }
    ],
    "result": {
        "item": "minecraft:heart_of_the_sea",
        "count": 1
    }
}