{
"ambientocclusion": false,
	"textures": {
		"particle": "block/redstone_dust_dot",
		"linepartre": "block/redstone_dust_line0"
				},
	"elements": [
		{
		"name": "linepartre",
		"from": [ 6.0, 0.0, 0.0 ], 
		"to": [ 10.0, 0.9, 8.0 ], 
		"shade": false,
		"faces":	{
			"north": { "texture": "#linepartre", "uv": [ 6.5, 2.0, 9.5, 0.0 ], "tintindex": 0 , "rotation": 180 },
			"east": { "texture": "#linepartre", "uv": [ 6.0, 0.0, 10.0, 16.0 ], "tintindex": 0 , "rotation": 90 },
			"west": { "texture": "#linepartre", "uv": [ 6.0, 16.0, 10.0, 0.0 ], "tintindex": 0 , "rotation": 90 },
			"up": { "texture": "#linepartre", "uv": [ 6.5, 0.0, 9.5, 8.0 ], "tintindex": 0 },
			"down": { "texture": "#linepartre", "uv": [ 6.5, 0.0, 9.5, 8.0 ], "tintindex": 0 }
					}
		}
				]
}