{
"ambientocclusion": false,
    "textures": {
        "particle": "block/redstone_dust_dot",
        "0": "block/redstone_dust_line0",
        "1": "block/redstone_dust_line1"
				},
    "elements": [
		{
		"name": "linepartu",
		"from": [ 6.0, 0.0, 8.0 ], 
		"to": [ 10.0, 0.9, 15.0 ], 
		"shade": false,
		"faces":{
		    "north": { "texture": "#0", "uv": [ 6.5, 0.0, 9.5, 16.0 ], "tintindex": 0 },
			"east": { "texture": "#0", "uv": [ 6.5, 0.0, 9.5, 16.0 ], "tintindex": 0, "rotation": 90 },
			"south": { "texture": "#0", "uv": [ 6.5, 0.0, 9.5, 16.0 ], "tintindex": 0 },
			"west": { "texture": "#0", "uv": [ 6.5, 16.0, 9.5, 0.0 ], "tintindex": 0 , "rotation": 90 },
			"up": { "texture": "#0", "uv": [ 6.5, 0.0, 9.5, 8.0 ], "tintindex": 0 },
			"down": { "texture": "#0", "uv": [ 6.5, 0.0, 9.5, 8.0 ], "tintindex": 0 }
				}
		},
        {
            "name": "lineupu",
            "from": [ 6.0, 0.0, 15.0 ], 
            "to": [ 10.0, 0.9, 16.0 ], 
            "shade": false,
            "faces":{
                "north": { "texture": "0", "uv": [ 6.5, 0.0, 9.5, 16.0 ], "tintindex": 0 },
                "east": { "texture": "#1", "uv": [ 6.5, 4.0, 9.5, 0.5 ], "rotation": 90, "tintindex": 0 },
                "south": { "texture": "#0", "uv": [ 9.5, 16.0, 6.5, 0.0 ], "tintindex": 0 },
                "west": { "texture": "#1", "uv": [ 9.5, 12.5, 6.5, 15.84 ], "rotation": 90, "tintindex": 0 },
                "up": { "texture": "#0", "uv": [ 6.5, 0.0, 9.5, 16.0 ], "tintindex": 0 },
                "down": { "texture": "#1", "uv": [ 6.5, 0.0, 9.5, 8.0 ], "tintindex": 0 }
					}
        }
				]
}