{
    "replace": true,
    "pools": [
        {
            "rolls": {
                "min": 2,
                "max": 6
            },
            "entries": [
                {
                    "type": "item",
                    "name": "minecraft:diamond",
                    "functions": [
                        {
                            "function": "set_count",
                            "count": {
                                "min": 1,
                                "max": 5
                            }
                        }
                    ],
                    "weight": 5
                },
                {
                    "type": "item",
                    "name": "minecraft:iron_ingot",
                    "functions": [
                        {
                            "function": "set_count",
                            "count": {
                                "min": 1,
                                "max": 10
                            }
                        }
                    ],
                    "weight": 10
                },
                {
                    "type": "item",
                    "name": "minecraft:gold_ingot",
                    "functions": [
                        {
                            "function": "set_count",
                            "count": {
                                "min": 1,
                                "max": 15
                            }
                        }
                    ],
                    "weight": 15
                },
                {
                    "type": "item",
                    "name": "minecraft:golden_sword",
                    "weight": 5
                },
                {
                    "type": "item",
                    "name": "minecraft:golden_chestplate",
                    "weight": 5
                },
                {
                    "type": "item",
                    "name": "minecraft:flint_and_steel",
                    "weight": 5
                },
                {
                    "type": "item",
                    "name": "minecraft:nether_wart",
                    "functions": [
                        {
                            "function": "set_count",
                            "count": {
                                "min": 3,
                                "max": 7
                            }
                        }
                    ],
                    "weight": 5
                },
                {
                    "type": "item",
                    "name": "minecraft:oak_sapling",
                    "functions": [
                        {
                            "function": "set_count",
                            "count": {
                                "min": 2,
                                "max": 4
                            }
                        }
                    ],
                    "weight": 15
                },
                {
                    "type": "item",
                    "name": "minecraft:dirt",
                    "functions": [
                        {
                            "function": "set_count",
                            "count": {
                                "min": 8,
                                "max": 16
                            }
                        }
                    ],
                    "weight": 5
                }
            ]
        },
        {
            "rolls": {
                "min": 9,
                "max": 18
            },
            "entries": [
                {
                    "type": "item",
                    "name":"minecraft:gold_nugget",
                    "weight": 4
                },
                {
                    "type": "item",
                    "name":"minecraft:iron_nugget",
                    "weight": 1
                }
            ]
        }
    ]
}