{
  "parent": "minecraft:nether/root",
  "display": {
    "icon": {
      "item": "minecraft:nether_bricks"
    },
    "title": {
      "translate": "advancements.nether.find_fortress.title"
    },
    "description": {
      "translate": "advancements.nether.find_fortress.description"
    },
    "frame": "task",
    "show_toast": true,
    "announce_to_chat": true,
    "hidden": false
  },
  "criteria": {
    "fortress": {
      "trigger": "minecraft:location",
      "conditions": {
        "feature": "Fortress"
      }
    }
  },
  "requirements": [
    [
      "fortress"
    ]
  ]
}