{  
    "pools":[  
        {  
            "rolls":{
                "min":0,
                "max":1
            },
            "entries":[  
                {  
                    "type":"item",
                    "name":"flansmod:sasbody",
                    "weight":1,
                    "quality":2,
                    "functions":[  
                        {  
                            "function":"set_nbt",
                            "tag":"{HideFlags:2,AttributeModifiers:[{AttributeName:\"generic.armor\",Name:\"generic.armor\",Amount:-20,Operation:0,UUIDLeast:543607,UUIDMost:753646,Slot:\"chest\"}]}"
                        }
                    ]
                },
                {  
                    "type":"item",
                    "name":"flansmod:sashelmet",
                    "weight":1,
                    "quality":2,
                    "functions":[  
                        {  
                            "function":"set_nbt",
                            "tag":"{HideFlags:2,AttributeModifiers:[{AttributeName:\"generic.armor\",Name:\"generic.armor\",Amount:-20,Operation:0,UUIDLeast:543607,UUIDMost:753646,Slot:\"head\"}]}"
                        }
                    ]
                },
                {  
                    "type":"item",
                    "name":"flansmod:saspants",
                    "weight":1,
                    "quality":2,
                    "functions":[  
                        {  
                            "function":"set_nbt",
                            "tag":"{HideFlags:2,AttributeModifiers:[{AttributeName:\"generic.armor\",Name:\"generic.armor\",Amount:-20,Operation:0,UUIDLeast:543607,UUIDMost:753646,Slot:\"legs\"}]}"
                        }
                    ]
                },
                {  
                    "type":"item",
                    "name":"flansmod:sasboots",
                    "weight":1,
                    "quality":2,
                    "functions":[  
                        {  
                            "function":"set_nbt",
                            "tag":"{HideFlags:2,AttributeModifiers:[{AttributeName:\"generic.armor\",Name:\"generic.armor\",Amount:-20,Operation:0,UUIDLeast:543607,UUIDMost:753646,Slot:\"feet\"}]}"
                        }
                    ]
                },
                {  
                    "type":"item",
                    "name":"flansmod:cloakergoggles",
                    "weight":0.8,
                    "quality":3,
                    "functions":[  
                        {  
                            "function":"set_nbt",
                            "tag":"{AttributeModifiers:[{AttributeName:\"generic.armor\",Name:\"generic.armor\",Amount:-20,Operation:0,UUIDLeast:543607,UUIDMost:753646,Slot:\"head\"}]}"
                        }
                    ]
                },
                {
                    "type":"empty",
                    "weight":1.5
                }
            ]
        },
        {  
            "rolls":1,
            "entries":[  
                {  
                    "type":"item",
                    "name":"flansmod:juryammo",
                    "weight":2,
                    "functions":[  
                        {  
                            "function":"set_data",
                            "data":1
                        },
                        {  
                            "function":"set_count",
                            "count":{  
                                "min":1,
                                "max":3
                            }
                        }
                    ]
                }
            ]
        }
    ]
}