{
	"__credit": "Made with Blockbench, a free, modern block model editor by JannisX11",
	"ambientocclusion": false,
	"textures": {"0": "items/metal_detector"},
	"elements": [
		{
			"name": "stick",
			"from": [7.5, 3, 7.5],
			"to": [8.5, 19, 8.5],
			"faces": {
				"north": {"uv": [15, 0, 16, 16], "texture": "#0"},
				"east": {"uv": [13, 0, 14, 16], "texture": "#0"},
				"south": {"uv": [12, 0, 13, 16], "texture": "#0"},
				"west": {"uv": [13, 0, 14, 16], "texture": "#0"},
				"up": {"uv": [13, 0, 14, 1], "texture": "#0"},
				"down": {"uv": [13, 0, 14, 1], "texture": "#0"}
			},
			"type": "cube"
		},
		{
			"name": "carrot",
			"from": [5, 20, 6],
			"to": [11, 20.5, 12],
			"faces": {
				"north": {"uv": [0, 3, 6, 3.5], "texture": "#0"},
				"east": {"uv": [12, 0, 14, 0.5], "texture": "#0"},
				"south": {"uv": [11, 0, 13, 0.5], "texture": "#0"},
				"west": {"uv": [10, 0, 12, 0.5], "texture": "#0"},
				"up": {"uv": [0, 4, 6, 10], "texture": "#0"},
				"down": {"uv": [13, 7, 14, 8], "texture": "#0"}
			},
			"rotation": {
				"origin": [0, 22, 10],
				"axis": "x",
				"angle": -22.5,
				"rescale": true
			},
			"type": "cube"
		},
		{
			"name": "on",
			"from": [6, 19.6, 6.5],
			"to": [10, 20.1, 10.5],
			"faces": {
				"north": {"uv": [14, 0, 16, 0.5], "texture": "#0"},
				"east": {"uv": [12, 0, 14, 0.5], "texture": "#0"},
				"south": {"uv": [12, 0, 13, 0.5], "texture": "#0"},
				"west": {"uv": [10, 0, 12, 0.5], "texture": "#0"},
				"up": {"uv": [1, 11, 5, 15], "texture": "#0"},
				"down": {"uv": [1, 11, 5, 15], "texture": "#0"}
			},
			"rotation": {
				"origin": [8, 22.1, 9.5],
				"axis": "x",
				"angle": -22.5,
				"rescale": true
			},
			"type": "cube"
		}
	],
	"display": {
		"thirdperson_righthand": {
			"scale": [1, 1, 1],
			"rotation": [-50, 0, 5],
			"translation": [0, 0.5, -2]
		},
		"fixed": {
			"rotation": [-155, 0, 0],
			"scale": [2, 2, 2],
			"translation": [0, -12, -3]
		},
		"ground": {
			"rotation": [-148, 0, 0],
			"translation": [0, 6, 0],
			"scale": [1, 1, 1]
		},
		"thirdperson_lefthand": {
			"scale": [1, 1, 1],
			"rotation": [-50, 0, 5],
			"translation": [0, 0.5, -2]
		},
		"firstperson_righthand": {
			"scale": [1, 1, 1],
			"rotation": [-66, -6, 6],
			"translation": [2.5, -1.5, 4.5]
		},
		"firstperson_lefthand": {
			"scale": [1, 1, 1],
			"rotation": [-66, -6, 6],
			"translation": [2.5, -1.5, 0]
		},
		"head": {
			"scale": [1, 1, 1],
			"rotation": [-146, 0, 0]
		},
		"gui": {
			"scale": [1, 1, 1],
			"rotation": [-63, 7, 41],
			"translation": [3.5, -3.5, 0]
		}
	}
}