{"stat.drop.minecraft.flower_pot":1,"stat.drop.minecraft.waterlily":2,"stat.pickup.minecraft.red_glazed_terracotta":1,"stat.useItem.minecraft.structure_void":4,"stat.useItem.minecraft.stone":646,"stat.useItem.minecraft.jungle_fence":9,"stat.useItem.minecraft.quartz_stairs":6,"stat.leaveGame":4,"stat.useItem.minecraft.log2":11,"stat.mineBlock.minecraft.slime":2,"stat.useItem.minecraft.waterlily":2,"stat.useItem.minecraft.skull":15,"stat.useItem.minecraft.quartz_ore":46,"stat.useItem.minecraft.flower_pot":5,"stat.jump":940,"stat.useItem.minecraft.sand":33,"stat.useItem.minecraft.concrete_powder":12,"stat.fallOneCm":3968,"stat.drop.minecraft.stone":1,"stat.drop.minecraft.dye":1,"stat.useItem.minecraft.nether_brick_stairs":35,"stat.crouchOneCm":75785,"stat.useItem.minecraft.nether_brick_fence":55,"stat.useItem.minecraft.dirt":287,"stat.useItem.minecraft.red_sandstone_stairs":10,"stat.useItem.minecraft.water_bucket":7,"stat.craftingTableInteraction":4,"stat.drop.minecraft.concrete_powder":1,"stat.useItem.minecraft.diamond_hoe":5,"stat.pickup.minecraft.sand":1,"stat.drop.minecraft.barrier":3,"stat.useItem.minecraft.sandstone_stairs":3,"stat.drop.minecraft.leaves2":1,"stat.pickup.minecraft.red_sandstone":1,"stat.drop.minecraft.structure_void":1,"stat.useItem.minecraft.leaves2":99,"stat.useItem.minecraft.red_nether_brick":52,"stat.damageTaken":290,"stat.pickup.minecraft.slime":1,"stat.drop.minecraft.concrete":1,"stat.drop.minecraft.red_sandstone":2,"stat.pickup.minecraft.planks":64,"stat.flyOneCm":567634,"stat.useItem.minecraft.brown_mushroom":1,"stat.pickup.minecraft.concrete":1,"stat.pickup.minecraft.wheat_seeds":1,"stat.useItem.minecraft.magma":35,"stat.useItem.minecraft.red_mushroom":2,"stat.drop.minecraft.sand":2,"stat.pickup.minecraft.cactus":4,"stat.drop.minecraft.red_glazed_terracotta":1,"stat.damageDealt":15,"stat.timeSinceDeath":208028,"stat.useItem.minecraft.sign":2,"stat.drop.minecraft.sandstone_stairs":1,"stat.useItem.minecraft.wooden_slab":26,"stat.useItem.minecraft.red_glazed_terracotta":1,"stat.flowerPotted":4,"stat.useItem.minecraft.bone_block":80,"stat.walkOneCm":159059,"stat.drop.minecraft.item_frame":1,"stat.useItem.minecraft.log":66,"stat.drop.minecraft.tallgrass":1,"stat.useItem.minecraft.oak_stairs":3,"stat.useItem.minecraft.cobblestone":44,"stat.useItem.minecraft.gravel":15,"stat.drop.minecraft.dirt":2,"stat.useItem.minecraft.acacia_stairs":5,"stat.useItem.minecraft.lava_bucket":30,"stat.drop.minecraft.spawn_egg":65,"stat.drop.minecraft.netherrack":1,"stat.useItem.minecraft.nether_wart_block":250,"stat.useItem.minecraft.sea_lantern":1,"stat.drop.minecraft.cactus":1,"stat.useItem.minecraft.red_sandstone":4,"stat.pickup.minecraft.stone":1,"stat.useItem.minecraft.spruce_stairs":2,"stat.drop.minecraft.sapling":1,"stat.useItem.minecraft.stained_hardened_clay":48,"stat.pickup.minecraft.sapling":1,"stat.useItem.minecraft.leaves":202,"stat.sprintOneCm":47933,"stat.useItem.minecraft.stained_glass":7,"stat.useItem.minecraft.tallgrass":3,"stat.useItem.minecraft.fence":9,"stat.useItem.minecraft.cactus":8,"stat.pickup.minecraft.skull":11,"stat.useItem.minecraft.concrete":16,"stat.useItem.minecraft.deadbush":3,"stat.useItem.minecraft.netherrack":864,"stat.drop.minecraft.acacia_stairs":1,"stat.pickup.minecraft.barrier":3,"stat.useItem.minecraft.stone_slab":86,"stat.useItem.minecraft.acacia_fence":1,"stat.mineBlock.minecraft.sponge":1,"stat.useItem.minecraft.wheat_seeds":5,"stat.craftItem.minecraft.dirt":128,"stat.pickup.minecraft.concrete_powder":1,"stat.useItem.minecraft.dye":27,"stat.pickup.minecraft.spawn_egg":65,"stat.deaths":1,"stat.drop":28,"stat.playOneMinute":208223,"stat.pickup.minecraft.red_flower":1,"stat.useItem.minecraft.nether_brick":120,"stat.sneakTime":24425,"stat.pickup.minecraft.item_frame":2}