{"stat.useItem.minecraft.end_bricks":2,"stat.useItem.minecraft.stone":55,"stat.leaveGame":5,"stat.useItem.minecraft.sponge":1,"stat.useItem.minecraft.log2":2,"stat.useItem.minecraft.skull":10,"stat.useItem.minecraft.repeating_command_block":5,"stat.mineBlock.minecraft.stained_glass":1,"stat.jump":481,"stat.drop.minecraft.skull":11,"stat.useItem.minecraft.sand":27,"stat.useItem.minecraft.concrete_powder":3,"stat.crouchOneCm":3826,"stat.useItem.minecraft.dirt":12,"stat.useItem.minecraft.red_sandstone_stairs":4,"stat.useItem.minecraft.glass":5,"stat.useItem.minecraft.sapling":2,"stat.useItem.minecraft.sandstone_stairs":15,"stat.pickup.minecraft.slime":1,"stat.pickup.minecraft.planks":64,"stat.useItem.minecraft.slime":3,"stat.flyOneCm":824785,"stat.pickup.minecraft.stained_glass":9,"stat.damageDealt":100,"stat.timeSinceDeath":421680,"stat.useItem.minecraft.crafting_table":1,"stat.useItem.minecraft.spawn_egg":7,"stat.useItem.minecraft.wooden_slab":7,"stat.useItem.minecraft.command_block":3,"stat.walkOneCm":63059,"stat.useItem.minecraft.lever":1,"stat.useItem.minecraft.hardened_clay":2,"stat.useItem.minecraft.pumpkin":1,"stat.useItem.minecraft.log":15,"stat.useItem.minecraft.cobblestone":3,"stat.useItem.minecraft.tnt":1,"stat.useItem.minecraft.acacia_stairs":2,"stat.useItem.minecraft.armor_stand":1,"stat.drop.minecraft.spawn_egg":72,"stat.pickup.minecraft.sponge":1,"stat.useItem.minecraft.nether_wart_block":5,"stat.useItem.minecraft.end_stone":1,"stat.useItem.minecraft.redstone_block":1,"stat.useItem.minecraft.item_frame":16,"stat.useItem.minecraft.red_sandstone":3,"stat.drop.minecraft.planks":64,"stat.useItem.minecraft.stained_hardened_clay":3,"stat.useItem.minecraft.leaves":68,"stat.sprintOneCm":12426,"stat.useItem.minecraft.stained_glass":50,"stat.useItem.minecraft.cactus":2,"stat.useItem.minecraft.concrete":2,"stat.useItem.minecraft.deadbush":8,"stat.pickup.minecraft.barrier":10,"stat.useItem.minecraft.stone_slab":8,"stat.pickup.minecraft.spawn_egg":73,"stat.drop":10,"stat.playOneMinute":421680,"stat.pickup.minecraft.red_flower":1,"stat.sneakTime":3971,"stat.pickup.minecraft.item_frame":31,"stat.useItem.minecraft.wooden_axe":1}