{
    "pools": [
        {
            "rolls": 1,
            "entries": [
                {
                    "type": "item",
                    "name": "minecraft:wool",
                    "weight": 1,
                    "functions": [
                        {
                            "function": "minecraft:set_data",
                            "data": 0
                        }
                    ]
                }
            ]
        },
        {
            "rolls": 1,
            "entries": [
                {
                    "type": "loot_table",
                    "name": "minecraft:entities/sheep",
                    "weight": 1
                }
            ]
        },
		{
		"conditions": [
                {
                    "condition": "killed_by_player"
                },
                {
                    "condition": "random_chance_with_looting",
                    "chance": 0.0175,
                    "looting_multiplier": 0.0025
                }
            ],
            "rolls": 1,
            "entries": [
                {
                    "type": "item",
                    "name": "minecraft:skull",
                    "weight": 1,
                    "functions": [
                        {
                            "function": "set_data",
                            "data": 3
                        },
						{
                            "function": "set_nbt",
                            "tag": "{display:{LocName:\"Sheep Head\"},SkullOwner:{Id:\"fa234925-9dbe-4b8f-a544-7c70fb6b6ac5\",Properties:{textures:[{Value:\"eyJ0ZXh0dXJlcyI6eyJTS0lOIjp7InVybCI6Imh0dHA6Ly90ZXh0dXJlcy5taW5lY3JhZnQubmV0L3RleHR1cmUvZjMxZjljY2M2YjNlMzJlY2YxM2I4YTExYWMyOWNkMzNkMThjOTVmYzczZGI4YTY2YzVkNjU3Y2NiOGJlNzAifX19\"}]}}}"
                        }
                    ]
                }
            ]
        }
    ]
}