{
    "pools": [
        {
            "rolls": 1,
            "entries": [
                {
                    "type": "item",
                    "name": "minecraft:wool",
                    "weight": 1,
                    "functions": [
                        {
                            "function": "minecraft:set_data",
                            "data": 15
                        }
                    ]
                }
            ]
        },
        {
            "rolls": 1,
            "entries": [
                {
                    "type": "loot_table",
                    "name": "minecraft:entities/sheep",
                    "weight": 1
                }
            ]
        },
		{
		"conditions": [
                {
                    "condition": "killed_by_player"
                },
                {
                    "condition": "random_chance_with_looting",
                    "chance": 0.0175,
                    "looting_multiplier": 0.0025
                }
            ],
            "rolls": 1,
            "entries": [
                {
                    "type": "item",
                    "name": "minecraft:skull",
                    "weight": 1,
                    "functions": [
                        {
                            "function": "set_data",
                            "data": 3
                        },
						{
                            "function": "set_nbt",
                            "tag": "{display:{LocName:\"Black Sheep Head\"},SkullOwner:{Id:\"f6801465-fd07-47f9-92a1-3ae921c3ef05\",Properties:{textures:[{Value:\"eyJ0ZXh0dXJlcyI6eyJTS0lOIjp7InVybCI6Imh0dHA6Ly90ZXh0dXJlcy5taW5lY3JhZnQubmV0L3RleHR1cmUvMzI2NTIwODNmMjhlZDFiNjFmOWI5NjVkZjFhYmYwMTBmMjM0NjgxYzIxNDM1OTUxYzY3ZDg4MzY0NzQ5ODIyIn19fQ==\"}]}}}"
                        }
                    ]
                }
            ]
        }
    ]
}