{
    "pools": [
        {
            "rolls": 1,
            "entries": [
                {
                    "type": "item",
                    "name": "minecraft:wool",
                    "weight": 1,
                    "functions": [
                        {
                            "function": "minecraft:set_data",
                            "data": 9
                        }
                    ]
                }
            ]
        },
        {
            "rolls": 1,
            "entries": [
                {
                    "type": "loot_table",
                    "name": "minecraft:entities/sheep",
                    "weight": 1
                }
            ]
        },
		{
		"conditions": [
                {
                    "condition": "killed_by_player"
                },
                {
                    "condition": "random_chance_with_looting",
                    "chance": 0.0175,
                    "looting_multiplier": 0.0025
                }
            ],
            "rolls": 1,
            "entries": [
                {
                    "type": "item",
                    "name": "minecraft:skull",
                    "weight": 1,
                    "functions": [
                        {
                            "function": "set_data",
                            "data": 3
                        },
						{
                            "function": "set_nbt",
                            "tag": "{display:{LocName:\"Cyan Sheep Head\"},SkullOwner:{Id:\"6484f6d0-03c5-4c88-b121-c776dd24e6b4\",Properties:{textures:[{Value:\"eyJ0ZXh0dXJlcyI6eyJTS0lOIjp7InVybCI6Imh0dHA6Ly90ZXh0dXJlcy5taW5lY3JhZnQubmV0L3RleHR1cmUvNDZmNmM3ZTdmZDUxNGNlMGFjYzY4NTkzMjI5ZTQwZmNjNDM1MmI4NDE2NDZlNGYwZWJjY2NiMGNlMjNkMTYifX19\"}]}}}"
                        }
                    ]
                }
            ]
        }
    ]
}