{
    "pools": [
        {
            "rolls": 1,
            "entries": [
                {
                    "type": "item",
                    "name": "minecraft:wool",
                    "weight": 1,
                    "functions": [
                        {
                            "function": "minecraft:set_data",
                            "data": 7
                        }
                    ]
                }
            ]
        },
        {
            "rolls": 1,
            "entries": [
                {
                    "type": "loot_table",
                    "name": "minecraft:entities/sheep",
                    "weight": 1
                }
            ]
        },
		{
		"conditions": [
                {
                    "condition": "killed_by_player"
                },
                {
                    "condition": "random_chance_with_looting",
                    "chance": 0.0175,
                    "looting_multiplier": 0.0025
                }
            ],
            "rolls": 1,
            "entries": [
                {
                    "type": "item",
                    "name": "minecraft:skull",
                    "weight": 1,
                    "functions": [
                        {
                            "function": "set_data",
                            "data": 3
                        },
						{
                            "function": "set_nbt",
                            "tag": "{display:{LocName:\"Gray Sheep Head\"},SkullOwner:{Id:\"1ad6a380-fd48-43e0-a7ea-5685072f37b6\",Properties:{textures:[{Value:\"eyJ0ZXh0dXJlcyI6eyJTS0lOIjp7InVybCI6Imh0dHA6Ly90ZXh0dXJlcy5taW5lY3JhZnQubmV0L3RleHR1cmUvNDI4N2ViNTAxMzkxZjI3NTM4OWYxNjZlYzlmZWJlYTc1ZWM0YWU5NTFiODhiMzhjYWU4N2RmN2UyNGY0YyJ9fX0=\"}]}}}"
                        }
                    ]
                }
            ]
        }
    ]
}