{
    "pools": [
        {
            "rolls": 1,
            "entries": [
                {
                    "type": "item",
                    "name": "minecraft:wool",
                    "weight": 1,
                    "functions": [
                        {
                            "function": "minecraft:set_data",
                            "data": 10
                        }
                    ]
                }
            ]
        },
        {
            "rolls": 1,
            "entries": [
                {
                    "type": "loot_table",
                    "name": "minecraft:entities/sheep",
                    "weight": 1
                }
            ]
        },
		{
		"conditions": [
                {
                    "condition": "killed_by_player"
                },
                {
                    "condition": "random_chance_with_looting",
                    "chance": 0.0175,
                    "looting_multiplier": 0.0025
                }
            ],
            "rolls": 1,
            "entries": [
                {
                    "type": "item",
                    "name": "minecraft:skull",
                    "weight": 1,
                    "functions": [
                        {
                            "function": "set_data",
                            "data": 3
                        },
						{
                            "function": "set_nbt",
                            "tag": "{display:{LocName:\"Purple Sheep Head\"},SkullOwner:{Id:\"ff5c1932-8096-4751-bbcf-7e0d8837b8c1\",Properties:{textures:[{Value:\"eyJ0ZXh0dXJlcyI6eyJTS0lOIjp7InVybCI6Imh0dHA6Ly90ZXh0dXJlcy5taW5lY3JhZnQubmV0L3RleHR1cmUvYWU1Mjg2N2FmZWYzOGJiMTRhMjZkMTQyNmM4YzBmMTE2YWQzNDc2MWFjZDkyZTdhYWUyYzgxOWEwZDU1Yjg1In19fQ==\"}]}}}"
                        }
                    ]
                }
            ]
        }
    ]
}