﻿{
	"credit": "Made with Blockbench, a free, modern block model editor by JannisX11",
	"elements": [
		{
			"name": "cube",
			"from": [7, -1, 7],
			"to": [8, 0, 8],
			"faces": {
				"north": {
					"uv": [0, 0, 1, 1],
					"texture": "#missing"
				},
				"east": {"uv": [0, 0, 1, 1], "texture": "#missing"},
				"south": {
					"uv": [0, 0, 1, 1],
					"texture": "#missing"
				},
				"west": {"uv": [0, 0, 1, 1], "texture": "#missing"},
				"up": {"uv": [0, 0, 1, 1], "texture": "#missing"},
				"down": {"uv": [0, 0, 1, 1], "texture": "#missing"}
			},
			"rotation": {
				"origin": [0, 2, 7],
				"axis": "z",
				"angle": 0
			},
			"type": "cube"
		}
	],
	"display": {
		"thirdperson_righthand": {
			"scale": [1, 1, 1],
			"rotation": [-86, 0, 0]
		},
		"head": {
			"scale": [1, 1, 1],
			"rotation": [0, 0, 0],
			"translation": [0, 13.5, 0]
		}
	}
}