{"stat.useItem.minecraft.painting":3,"stat.craftItem.minecraft.diamond_hoe":1,"stat.leaveGame":29,"stat.drop.minecraft.gunpowder":1,"stat.craftItem.minecraft.iron_axe":2,"stat.useItem.minecraft.soul_sand":4,"stat.drop.minecraft.redstone":1,"stat.useItem.minecraft.glowstone":5,"stat.useItem.minecraft.planks":13,"stat.pickup.minecraft.glowstone_dust":65,"stat.drop.minecraft.feather":318,"stat.useItem.minecraft.water_bucket":17,"stat.mineBlock.minecraft.stone_brick_stairs":10,"stat.pickup.minecraft.rotten_flesh":50,"stat.useItem.minecraft.diamond_hoe":1,"stat.pickup.minecraft.sand":12,"stat.pickup.minecraft.hardened_clay":359,"stat.craftItem.minecraft.stone_axe":3,"stat.pickup.minecraft.cobblestone_wall":6,"stat.drop.minecraft.hardened_clay":4,"stat.pickup.minecraft.observer":14,"stat.useItem.minecraft.rail":1,"stat.killEntity.Enderman":1,"stat.pickup.minecraft.brown_mushroom":9,"stat.mineBlock.minecraft.sand":3,"stat.hopperInspected":7,"stat.useItem.minecraft.iron_pickaxe":996,"stat.drop.minecraft.diamond":68,"stat.pickup.minecraft.stained_hardened_clay":359,"stat.craftItem.minecraft.wooden_pickaxe":1,"stat.useItem.minecraft.red_glazed_terracotta":44,"stat.drop.minecraft.cooked_mutton":14,"stat.pickup.minecraft.double_plant":8,"stat.pickup.minecraft.ghast_tear":1,"stat.trappedChestTriggered":13,"stat.useItem.minecraft.hardened_clay":87,"stat.mineBlock.minecraft.hopper":4,"stat.mineBlock.minecraft.sticky_piston":8,"stat.furnaceInteraction":39,"stat.mineBlock.minecraft.rail":2,"stat.craftItem.minecraft.observer":14,"stat.mineBlock.minecraft.dark_oak_stairs":14,"stat.killEntity.ZombieVillager":3,"stat.useItem.minecraft.dark_oak_stairs":14,"stat.pickup.minecraft.wooden_button":1,"stat.pickup.minecraft.beef":16,"stat.pickup.minecraft.furnace":19,"stat.mineBlock.minecraft.wooden_button":1,"stat.useItem.minecraft.redstone":46,"stat.pickup.minecraft.cauldron":1,"stat.mineBlock.minecraft.stained_hardened_clay":293,"stat.useItem.minecraft.trapdoor":5,"stat.pickup.minecraft.iron_chestplate":1,"stat.pickup.minecraft.skull":2,"stat.useItem.minecraft.cauldron":2,"stat.useItem.minecraft.flint_and_steel":1,"stat.useItem.minecraft.wooden_button":1,"stat.craftItem.minecraft.dropper":2,"stat.useItem.minecraft.hopper":9,"stat.pickup.minecraft.saddle":2,"stat.mineBlock.minecraft.soul_sand":6,"stat.useItem.minecraft.beef":1,"stat.pickup.minecraft.lever":10,"stat.deaths":3,"stat.pickup.minecraft.egg":125,"stat.playOneMinute":1008857,"stat.craftItem.minecraft.item_frame":1,"stat.craftItem.minecraft.iron_pickaxe":4,"stat.craftItem.minecraft.diamond_block":1,"stat.pickup.minecraft.item_frame":2,"stat.drop.minecraft.chest":3,"stat.craftItem.minecraft.repeater":6,"stat.drop.minecraft.torch":32,"stat.pickup.minecraft.dispenser":1,"stat.mineBlock.minecraft.tallgrass":65,"stat.pickup.minecraft.netherrack":200,"stat.pickup.minecraft.cooked_mutton":14,"stat.chestOpened":538,"stat.pickup.minecraft.red_glazed_terracotta":2,"stat.craftItem.minecraft.sign":3,"stat.useItem.minecraft.stone":70,"stat.mineBlock.minecraft.netherrack":157,"stat.mineBlock.minecraft.dispenser":1,"stat.pickup.minecraft.iron_sword":3,"stat.pickup.minecraft.arrow":25,"stat.pickup.minecraft.waterlily":2,"stat.craftItem.minecraft.redstone_torch":13,"stat.killEntity.Ghast":1,"stat.drop.minecraft.iron_pickaxe":2,"stat.pickup.minecraft.cooked_chicken":17,"stat.fallOneCm":199751,"stat.drop.minecraft.stone":287,"stat.useItem.minecraft.trapped_chest":4,"stat.crouchOneCm":146340,"stat.craftItem.minecraft.diamond":9,"stat.mineBlock.minecraft.chest":40,"stat.pickup.minecraft.rail":2,"stat.pickup.minecraft.dropper":2,"stat.craftItem.minecraft.iron_ingot":31,"stat.craftItem.minecraft.chest":51,"stat.mineBlock.minecraft.lever":7,"stat.pickup.minecraft.painting":3,"stat.mineBlock.minecraft.hardened_clay":320,"stat.craftItem.minecraft.hopper":4,"stat.craftingTableInteraction":71,"stat.dropperInspected":4,"stat.pickup.minecraft.comparator":1,"stat.pickup.minecraft.repeater":28,"stat.mineBlock.minecraft.log2":114,"stat.pickup.minecraft.wooden_pickaxe":2,"stat.useItem.minecraft.golden_rail":2,"stat.pickup.minecraft.feather":16,"stat.craftItem.minecraft.wooden_button":1,"stat.useItem.minecraft.furnace":28,"stat.pickup.minecraft.dye":215,"stat.pickup.minecraft.planks":24,"stat.pickup.minecraft.iron_leggings":1,"stat.pickup.minecraft.wheat_seeds":17,"stat.mineBlock.minecraft.gravel":50,"stat.useItem.minecraft.stone_pickaxe":373,"stat.craftItem.minecraft.iron_leggings":1,"stat.drop.minecraft.diamond_hoe":2,"stat.killEntity.Rabbit":1,"stat.mineBlock.minecraft.dirt":38,"stat.pickup.minecraft.flint_and_steel":1,"stat.useItem.minecraft.torch":123,"stat.drop.minecraft.rotten_flesh":16,"stat.pickup.minecraft.crafting_table":7,"stat.useItem.minecraft.log":1,"stat.useItem.minecraft.comparator":1,"stat.useItem.minecraft.cobblestone":246,"stat.pickup.minecraft.magma":64,"stat.craftItem.minecraft.crafting_table":2,"stat.useItem.minecraft.gravel":5,"stat.mineBlock.minecraft.double_plant":4,"stat.pickup.minecraft.log":17,"stat.drop.minecraft.sign":2,"stat.drop.minecraft.stonebrick":42,"stat.pickup.minecraft.iron_pickaxe":4,"stat.craftItem.minecraft.stone_button":3,"stat.craftItem.minecraft.hopper_minecart":1,"stat.craftItem.minecraft.gold_ingot":62,"stat.pickup.minecraft.hopper":6,"stat.pickup.minecraft.chicken":5,"stat.pickup.minecraft.sapling":13,"stat.craftItem.minecraft.red_glazed_terracotta":2,"stat.pickup.minecraft.apple":2,"stat.craftItem.minecraft.bucket":2,"stat.craftItem.minecraft.planks":488,"stat.useItem.minecraft.iron_sword":97,"stat.pickup.minecraft.stone_sword":1,"stat.useItem.minecraft.stonebrick":38,"stat.mineBlock.minecraft.log":16,"stat.pickup.minecraft.iron_door":3,"stat.sneakTime":65576,"stat.mineBlock.minecraft.cobblestone_wall":7,"stat.pickup.minecraft.stone_slab":17,"stat.craftItem.minecraft.trapped_chest":1,"stat.pickup.minecraft.golden_rail":2,"stat.pickup.minecraft.trapped_chest":3,"stat.pickup.minecraft.chest":44,"stat.pickup.minecraft.bone":10,"stat.craftItem.minecraft.sticky_piston":7,"stat.pickup.minecraft.redstone_torch":11,"stat.useItem.minecraft.iron_axe":138,"stat.useItem.minecraft.repeater":23,"stat.mineBlock.minecraft.cobblestone":66,"stat.useItem.minecraft.log2":7,"stat.pickup.minecraft.flint":8,"stat.useItem.minecraft.skull":2,"stat.swimOneCm":72540,"stat.climbOneCm":28671,"stat.drop.minecraft.cobblestone":408,"stat.pickup.minecraft.cooked_porkchop":7,"stat.breakItem.minecraft.iron_pickaxe":2,"stat.mineBlock.minecraft.dropper":1,"stat.useItem.minecraft.redstone_torch":13,"stat.useItem.minecraft.obsidian":7,"stat.pickup.minecraft.sticky_piston":9,"stat.useItem.minecraft.dirt":14,"stat.drop.minecraft.quartz":1,"stat.pickup.minecraft.iron_boots":1,"stat.craftItem.minecraft.furnace":60,"stat.useItem.minecraft.egg":72,"stat.craftItem.minecraft.iron_boots":1,"stat.craftItem.minecraft.trapdoor":4,"stat.craftItem.minecraft.stone_pickaxe":4,"stat.craftItem.minecraft.cooked_beef":10,"stat.mineBlock.minecraft.obsidian":9,"stat.pickup.minecraft.cobblestone":1558,"stat.craftItem.minecraft.bow":2,"stat.pickup.minecraft.diamond_hoe":2,"stat.drop.minecraft.rabbit_hide":1,"stat.flyOneCm":1675815,"stat.pickup.minecraft.soul_sand":5,"stat.drop.minecraft.wheat_seeds":2,"stat.useItem.minecraft.cooked_beef":7,"stat.craftItem.minecraft.wooden_slab":6,"stat.pickup.minecraft.cactus":4,"stat.pickup.minecraft.redstone":448,"stat.craftItem.minecraft.dispenser":2,"stat.mineBlock.minecraft.iron_ore":70,"stat.timeSinceDeath":377943,"stat.useItem.minecraft.sign":4,"stat.useItem.minecraft.wooden_slab":2,"stat.useItem.minecraft.iron_door":3,"stat.useItem.minecraft.lever":8,"stat.useItem.minecraft.potato":1,"stat.pickup.minecraft.stonebrick":64,"stat.drop.minecraft.dirt":192,"stat.pickup.minecraft.trapdoor":1,"stat.mineBlock.minecraft.coal_ore":133,"stat.killEntity.Creeper":2,"stat.entityKilledBy.Skeleton":1,"stat.useItem.minecraft.dropper":3,"stat.sprintOneCm":1151598,"stat.mineBlock.minecraft.stone_slab":11,"stat.craftItem.minecraft.stick":116,"stat.useItem.minecraft.stone_slab":23,"stat.useItem.minecraft.bed":2,"stat.craftItem.minecraft.stone":97,"stat.mineBlock.minecraft.diamond_ore":14,"stat.mineBlock.minecraft.crafting_table":6,"stat.useItem.minecraft.diamond_pickaxe":1246,"stat.pickup.minecraft.golden_horse_armor":2,"stat.drop.minecraft.lava_bucket":76,"stat.useItem.minecraft.bucket":19,"stat.mineBlock.minecraft.planks":24,"stat.drop":108,"stat.pickup.minecraft.stone_button":1,"stat.useItem.minecraft.ladder":1,"stat.pickup.minecraft.slime_ball":19,"stat.craftItem.minecraft.diamond_pickaxe":2,"stat.killEntity.Zombie":15,"stat.diveOneCm":18317,"stat.drop.minecraft.diamond_pickaxe":5,"stat.pickup.minecraft.wheat":2,"stat.craftItem.minecraft.piston":7,"stat.useItem.minecraft.sticky_piston":17,"stat.craftItem.minecraft.ladder":3,"stat.pickup.minecraft.sign":2,"stat.mineBlock.minecraft.stone_button":1,"stat.pickup.minecraft.gravel":82,"stat.drop.minecraft.cooked_beef":2,"stat.killEntity.Slime":19,"stat.drop.minecraft.ladder":2,"stat.pickup.minecraft.stone_axe":1,"stat.mineBlock.minecraft.deadbush":7,"stat.pickup.minecraft.obsidian":7,"stat.drop.minecraft.apple":2,"stat.pickup.minecraft.stone_brick_stairs":26,"stat.jump":7524,"stat.useItem.minecraft.sand":3,"stat.useItem.minecraft.iron_trapdoor":2,"stat.pickup.minecraft.coal":134,"stat.pickup.minecraft.iron_helmet":1,"stat.pickup.minecraft.iron_ingot":62,"stat.craftItem.minecraft.lever":1,"stat.useItem.minecraft.piston":4,"stat.mineBlock.minecraft.observer":4,"stat.useItem.minecraft.stone_axe":69,"stat.pickup.minecraft.gunpowder":6,"stat.pickup.minecraft.spider_eye":8,"stat.craftItem.minecraft.torch":248,"stat.pickup.minecraft.dirt":361,"stat.useItem.minecraft.stone_button":4,"stat.craftItem.minecraft.iron_helmet":1,"stat.drop.minecraft.glowstone":1,"stat.drop.minecraft.bed":1,"stat.useItem.minecraft.cooked_chicken":5,"stat.pickup.minecraft.iron_ore":71,"stat.useItem.minecraft.dispenser":3,"stat.useItem.minecraft.glass":2,"stat.useItem.minecraft.sapling":7,"stat.pickup.minecraft.gold_ore":5,"stat.mineBlock.minecraft.lapis_ore":8,"stat.craftItem.minecraft.flint_and_steel":1,"stat.pickup.minecraft.iron_axe":1,"stat.mineBlock.minecraft.leaves2":6,"stat.damageTaken":7730,"stat.pickup.minecraft.leather":28,"stat.useItem.minecraft.stone_brick_stairs":11,"stat.mineBlock.minecraft.torch":11,"stat.mineBlock.minecraft.furnace":20,"stat.useItem.minecraft.wooden_pickaxe":22,"stat.dispenserInspected":26,"stat.drop.minecraft.water_bucket":1,"stat.pickup.minecraft.log2":103,"stat.pickup.minecraft.reeds":46,"stat.pickup.minecraft.bed":3,"stat.pickup.minecraft.quartz_block":1,"stat.pickup.minecraft.potato":131,"stat.pickup.minecraft.rabbit_hide":2,"stat.damageDealt":8068,"stat.drop.minecraft.cooked_chicken":17,"stat.craftItem.minecraft.cauldron":1,"stat.sleepInBed":23,"stat.killEntity.Cow":8,"stat.useItem.minecraft.crafting_table":8,"stat.pickup.minecraft.minecart":2,"stat.craftItem.minecraft.iron_sword":2,"stat.pickup.minecraft.piston":4,"stat.craftItem.minecraft.stone_slab":6,"stat.walkOneCm":1537835,"stat.useItem.minecraft.chest":86,"stat.pickup.minecraft.stick":11,"stat.pickup.minecraft.diamond_pickaxe":7,"stat.useItem.minecraft.observer":10,"stat.mineBlock.minecraft.trapped_chest":4,"stat.useItem.minecraft.lava_bucket":2,"stat.breakItem.minecraft.stone_pickaxe":3,"stat.craftItem.minecraft.diamond_boots":1,"stat.useItem.minecraft.item_frame":3,"stat.pickup.minecraft.stone":742,"stat.craftItem.minecraft.iron_chestplate":1,"stat.drop.minecraft.potato":898,"stat.useItem.minecraft.stained_hardened_clay":24,"stat.drop.minecraft.wooden_slab":1,"stat.pickup.minecraft.cooked_beef":9,"stat.useItem.minecraft.netherrack":60,"stat.pickup.minecraft.gold_ingot":7,"stat.killEntity.Skeleton":6,"stat.drop.minecraft.lever":1,"stat.mineBlock.minecraft.stonebrick":20,"stat.killEntity.Chicken":5,"stat.mineBlock.minecraft.redstone_torch":8,"stat.killEntity.Spider":2,"stat.mineBlock.minecraft.quartz_ore":30,"stat.pickup.minecraft.dark_oak_stairs":27,"stat.mobKills":63,"stat.pickup.minecraft.quartz":125,"stat.entityKilledBy.Husk":1,"stat.pickup.minecraft.diamond":21,"stat.mineBlock.minecraft.leaves":32,"stat.mineBlock.minecraft.piston":4,"stat.pickup.minecraft.torch":37,"stat.mineBlock.minecraft.redstone_ore":50,"stat.pickup.minecraft.lava_bucket":12,"stat.mineBlock.minecraft.red_glazed_terracotta":2,"stat.drop.minecraft.stone_axe":3,"stat.craftItem.minecraft.tripwire_hook":2,"stat.mineBlock.minecraft.stone":1256}