{"stat.useItem.minecraft.quartz_block":65,"stat.useItem.minecraft.painting":3,"stat.pickup.minecraft.wooden_slab":27,"stat.leaveGame":174,"stat.drop.minecraft.gunpowder":1,"stat.drop.minecraft.redstone":7,"stat.useItem.minecraft.glowstone":42,"stat.pickup.minecraft.dark_oak_boat":1,"stat.mineBlock.minecraft.stained_glass":6,"stat.craftItem.minecraft.stone_pressure_plate":3,"stat.drop.minecraft.feather":488,"stat.drop.minecraft.iron_sword":4,"stat.pickup.minecraft.rotten_flesh":203,"stat.useItem.minecraft.diamond_hoe":1053,"stat.craftItem.minecraft.stone_axe":3,"stat.pickup.minecraft.cobblestone_wall":60,"stat.pickup.minecraft.bucket":13,"stat.useItem.minecraft.rail":45,"stat.killEntity.Enderman":11,"stat.mineBlock.minecraft.wooden_slab":17,"stat.craftItem.minecraft.iron_shovel":2,"stat.pickup.minecraft.brown_mushroom":10,"stat.killEntity.Witch":6,"stat.drop.minecraft.sand":64,"stat.killEntity.MushroomCow":31,"stat.killEntity.Villager":17,"stat.drop.minecraft.gold_ingot":40,"stat.useItem.minecraft.iron_pickaxe":4654,"stat.pickup.minecraft.stained_hardened_clay":5242,"stat.craftItem.minecraft.iron_door":3,"stat.useItem.minecraft.iron_shovel":698,"stat.pickup.minecraft.double_plant":117,"stat.craftItem.minecraft.bed":2,"stat.useItem.minecraft.hardened_clay":667,"stat.mineBlock.minecraft.hopper":35,"stat.mineBlock.minecraft.sticky_piston":19,"stat.furnaceInteraction":464,"stat.mineBlock.minecraft.rail":20,"stat.killEntity.ZombieVillager":3,"stat.pickup.minecraft.nether_brick":26,"stat.pickup.minecraft.beef":217,"stat.drop.minecraft.cactus":3,"stat.useItem.minecraft.red_sandstone":6,"stat.craftItem.minecraft.golden_leggings":1,"stat.mineBlock.minecraft.stained_hardened_clay":3449,"stat.useItem.minecraft.trapdoor":255,"stat.useItem.minecraft.stained_glass":370,"stat.useItem.minecraft.fence":748,"stat.drop.minecraft.lead":1,"stat.drop.minecraft.furnace":1,"stat.useItem.minecraft.flint_and_steel":11,"stat.mineBlock.minecraft.fence":3,"stat.useItem.minecraft.wheat_seeds":499,"stat.useItem.minecraft.wooden_button":1,"stat.killEntity.Husk":10,"stat.craftItem.minecraft.dropper":2,"stat.useItem.minecraft.dye":92,"stat.useItem.minecraft.beef":3,"stat.craftItem.minecraft.dark_oak_boat":1,"stat.pickup.minecraft.lever":22,"stat.deaths":22,"stat.pickup.minecraft.egg":54,"stat.craftItem.minecraft.item_frame":17,"stat.craftItem.minecraft.iron_pickaxe":13,"stat.pickup.minecraft.item_frame":18,"stat.craftItem.minecraft.repeater":17,"stat.drop.minecraft.iron_ingot":79,"stat.drop.minecraft.torch":8,"stat.mineBlock.minecraft.tallgrass":494,"stat.craftItem.minecraft.cooked_mutton":7,"stat.fishCaught":2,"stat.pickup.minecraft.cooked_mutton":7,"stat.chestOpened":2405,"stat.craftItem.minecraft.sign":6,"stat.useItem.minecraft.stone":1054,"stat.pickup.minecraft.arrow":78,"stat.pickup.minecraft.iron_sword":14,"stat.killEntity.Ghast":2,"stat.craftItem.minecraft.quartz_block":23,"stat.drop.minecraft.iron_pickaxe":1,"stat.drop.minecraft.dark_oak_stairs":12,"stat.pickup.minecraft.carrot":4,"stat.drop.minecraft.stone_sword":1,"stat.crouchOneCm":86713,"stat.mineBlock.minecraft.chest":163,"stat.pickup.minecraft.rail":233,"stat.craftItem.minecraft.iron_ingot":677,"stat.mineBlock.minecraft.hardened_clay":2447,"stat.mineBlock.minecraft.concrete_powder":3,"stat.craftItem.minecraft.hopper":63,"stat.drop.minecraft.slime_ball":30,"stat.craftingTableInteraction":247,"stat.pickup.minecraft.repeater":27,"stat.mineBlock.minecraft.log2":594,"stat.pickup.minecraft.wooden_pickaxe":1,"stat.useItem.minecraft.dark_oak_fence":317,"stat.useItem.minecraft.reeds":99,"stat.pickup.minecraft.dye":209,"stat.pickup.minecraft.planks":380,"stat.pickup.minecraft.wheat_seeds":332,"stat.mineBlock.minecraft.glass":14,"stat.useItem.minecraft.enchanting_table":1,"stat.mineBlock.minecraft.dirt":444,"stat.useItem.minecraft.bread":19,"stat.drop.minecraft.rotten_flesh":19,"stat.useItem.minecraft.cobblestone":2914,"stat.pickup.minecraft.magma":72,"stat.useItem.minecraft.gravel":28,"stat.mineBlock.minecraft.double_plant":44,"stat.minecartOneCm":1182,"stat.breakItem.minecraft.golden_helmet":1,"stat.pickup.minecraft.iron_pickaxe":5,"stat.craftItem.minecraft.gold_ingot":134,"stat.drop.minecraft.sapling":6,"stat.pickup.minecraft.hopper":50,"stat.pickup.minecraft.chicken":32,"stat.pickup.minecraft.apple":11,"stat.drop.minecraft.fish":2,"stat.craftItem.minecraft.bucket":53,"stat.craftItem.minecraft.planks":2252,"stat.useItem.minecraft.iron_sword":1408,"stat.itemEnchanted":3,"stat.pickup.minecraft.stone_sword":1,"stat.craftItem.minecraft.fishing_rod":2,"stat.drop.minecraft.comparator":1,"stat.useItem.minecraft.stonebrick":2910,"stat.mineBlock.minecraft.log":519,"stat.craftItem.minecraft.wooden_door":54,"stat.mineBlock.minecraft.waterlily":16,"stat.useItem.minecraft.wooden_door":109,"stat.useItem.minecraft.spruce_door":16,"stat.pickup.minecraft.iron_door":1,"stat.craftItem.minecraft.paper":99,"stat.pickup.minecraft.red_flower":86,"stat.pickup.minecraft.wool":9,"stat.pickup.minecraft.trapped_chest":1,"stat.drop.minecraft.observer":1,"stat.useItem.minecraft.iron_axe":1266,"stat.mineBlock.minecraft.cobblestone":386,"stat.mineBlock.minecraft.pumpkin":5,"stat.pickup.minecraft.flint":7,"stat.mineBlock.minecraft.yellow_flower":12,"stat.useItem.minecraft.skull":2,"stat.mineBlock.minecraft.concrete":2,"stat.craftItem.minecraft.wool":5,"stat.useItem.minecraft.concrete_powder":162,"stat.pickup.minecraft.glowstone":1,"stat.drop.minecraft.cobblestone":452,"stat.breakItem.minecraft.iron_pickaxe":16,"stat.mineBlock.minecraft.dropper":2,"stat.pickup.minecraft.sticky_piston":19,"stat.useItem.minecraft.obsidian":44,"stat.pickup.minecraft.bow":11,"stat.pickup.minecraft.iron_boots":3,"stat.pickup.minecraft.diamond_horse_armor":1,"stat.craftItem.minecraft.furnace":64,"stat.useItem.minecraft.egg":242,"stat.craftItem.minecraft.iron_boots":3,"stat.craftItem.minecraft.cooked_beef":42,"stat.mineBlock.minecraft.obsidian":7,"stat.pickup.minecraft.shears":2,"stat.craftItem.minecraft.bow":3,"stat.pickup.minecraft.iron_trapdoor":1,"stat.pickup.minecraft.diamond_hoe":2,"stat.flyOneCm":16335525,"stat.pickup.minecraft.fish":4,"stat.craftItem.minecraft.stained_glass":40,"stat.timeSinceDeath":530408,"stat.craftItem.minecraft.painting":3,"stat.cauldronFilled":2,"stat.useItem.minecraft.wooden_slab":675,"stat.drop.minecraft.spider_eye":10,"stat.useItem.minecraft.iron_door":2,"stat.drop.minecraft.repeater":9,"stat.killEntity.Bat":1,"stat.craftItem.minecraft.stonebrick":804,"stat.useItem.minecraft.potato":25,"stat.pickup.minecraft.nether_wart":22,"stat.craftItem.minecraft.concrete_powder":128,"stat.mineBlock.minecraft.coal_ore":516,"stat.killEntity.Creeper":61,"stat.useItem.minecraft.armor_stand":1,"stat.breakItem.minecraft.iron_sword":3,"stat.talkedToVillager":5,"stat.craftItem.minecraft.stone_hoe":1,"stat.mineBlock.minecraft.red_mushroom_block":16,"stat.pickup.minecraft.string":118,"stat.craftItem.minecraft.golden_helmet":1,"stat.mineBlock.minecraft.ladder":33,"stat.entityKilledBy.Skeleton":8,"stat.drop.minecraft.obsidian":1,"stat.useItem.minecraft.dropper":4,"stat.sprintOneCm":6689092,"stat.useItem.minecraft.diamond_block":13,"stat.mineBlock.minecraft.stone_slab":127,"stat.drop.minecraft.stone_hoe":1,"stat.mineBlock.minecraft.diamond_ore":46,"stat.drop.minecraft.lava_bucket":120,"stat.pickup.minecraft.sugar":2,"stat.breakItem.minecraft.iron_shovel":1,"stat.drop.minecraft.golden_rail":3,"stat.useItem.minecraft.ladder":66,"stat.useItem.minecraft.diamond_ore":40,"stat.killEntity.Zombie":129,"stat.craftItem.minecraft.dye":439,"stat.mineBlock.minecraft.gold_ore":257,"stat.diveOneCm":44162,"stat.drop.minecraft.diamond_pickaxe":7,"stat.pickup.minecraft.wheat":143,"stat.useItem.minecraft.sticky_piston":60,"stat.drop.minecraft.stone_stairs":4,"stat.craftItem.minecraft.ladder":63,"stat.drop.minecraft.dark_oak_fence":12,"stat.mineBlock.minecraft.stone_button":1,"stat.craftItem.minecraft.cooked_porkchop":25,"stat.drop.minecraft.ladder":4,"stat.pickup.minecraft.stone_axe":2,"stat.pickup.minecraft.obsidian":9,"stat.useItem.minecraft.rotten_flesh":54,"stat.craftItem.minecraft.diamond_sword":4,"stat.jump":45539,"stat.useItem.minecraft.sand":512,"stat.useItem.minecraft.iron_trapdoor":2,"stat.pickup.minecraft.coal":757,"stat.pickup.minecraft.iron_ingot":261,"stat.useItem.minecraft.dark_oak_boat":1,"stat.craftItem.minecraft.lever":28,"stat.pickup.minecraft.hopper_minecart":1,"stat.mineBlock.minecraft.observer":3,"stat.drop.minecraft.diamond_sword":2,"stat.pickup.minecraft.gunpowder":70,"stat.craftItem.minecraft.torch":656,"stat.pickup.minecraft.dirt":684,"stat.drop.minecraft.glowstone":16,"stat.useItem.minecraft.glass":236,"stat.useItem.minecraft.sapling":9,"stat.pickup.minecraft.gold_ore":334,"stat.mineBlock.minecraft.lapis_ore":33,"stat.pickup.minecraft.iron_axe":8,"stat.damageTaken":33746,"stat.useItem.minecraft.stone_brick_stairs":232,"stat.mineBlock.minecraft.torch":106,"stat.mineBlock.minecraft.red_flower":4,"stat.mineBlock.minecraft.sapling":1,"stat.pickup.minecraft.magma_cream":1,"stat.noteblockTuned":8,"stat.pickup.minecraft.log2":690,"stat.craftItem.minecraft.comparator":7,"stat.craftItem.minecraft.glowstone":16,"stat.useItem.minecraft.slime":73,"stat.pickup.minecraft.bed":5,"stat.pickup.minecraft.concrete":2,"stat.pickup.minecraft.quartz_block":3,"stat.pickup.minecraft.potato":13,"stat.entityKilledBy.Zombie":2,"stat.craftItem.minecraft.stone_slab":462,"stat.animalsBred":26,"stat.useItem.minecraft.chest":190,"stat.pickup.minecraft.diamond_pickaxe":26,"stat.useItem.minecraft.tnt":51,"stat.useItem.minecraft.lava_bucket":209,"stat.useItem.minecraft.gold_ore":75,"stat.drop.minecraft.netherrack":5,"stat.useItem.minecraft.item_frame":78,"stat.craftItem.minecraft.iron_chestplate":2,"stat.drop.minecraft.potato":2,"stat.useItem.minecraft.stained_hardened_clay":3292,"stat.pickup.minecraft.ender_pearl":10,"stat.drop.minecraft.egg":32,"stat.pickup.minecraft.cooked_beef":79,"stat.pickup.minecraft.ladder":81,"stat.useItem.minecraft.concrete":2,"stat.breakItem.minecraft.golden_boots":1,"stat.useItem.minecraft.netherrack":657,"stat.mineBlock.minecraft.tnt":13,"stat.breakItem.minecraft.golden_axe":4,"stat.craftItem.minecraft.bookshelf":10,"stat.useItem.minecraft.tripwire_hook":4,"stat.mineBlock.minecraft.stonebrick":219,"stat.mineBlock.minecraft.glowstone":39,"stat.pickup.minecraft.dark_oak_stairs":59,"stat.mobKills":576,"stat.craftItem.minecraft.shears":2,"stat.useItem.minecraft.boat":12,"stat.useItem.minecraft.cobblestone_wall":730,"stat.pickup.minecraft.diamond":140,"stat.pickup.minecraft.torch":496,"stat.mineBlock.minecraft.red_glazed_terracotta":24,"stat.drop.minecraft.stone_axe":2,"stat.drop.minecraft.arrow":4,"stat.drop.minecraft.shears":2,"stat.useItem.minecraft.string":10,"stat.drop.minecraft.waterlily":1,"stat.useItem.minecraft.bookshelf":36,"stat.craftItem.minecraft.iron_axe":5,"stat.useItem.minecraft.soul_sand":13,"stat.killEntity.Blaze":2,"stat.drop.minecraft.trapdoor":7,"stat.pickup.minecraft.fishing_rod":5,"stat.useItem.minecraft.planks":729,"stat.pickup.minecraft.golden_boots":7,"stat.pickup.minecraft.glowstone_dust":233,"stat.pickup.minecraft.porkchop":25,"stat.pickup.minecraft.glass":77,"stat.useItem.minecraft.water_bucket":183,"stat.mineBlock.minecraft.stone_brick_stairs":35,"stat.pickup.minecraft.sand":554,"stat.craftItem.minecraft.dark_oak_fence":12,"stat.pickup.minecraft.hardened_clay":2747,"stat.entityKilledBy.Spider":1,"stat.pickup.minecraft.name_tag":1,"stat.drop.minecraft.hardened_clay":602,"stat.pickup.minecraft.observer":3,"stat.craftItem.minecraft.cobblestone_wall":420,"stat.mineBlock.minecraft.sand":459,"stat.hopperInspected":122,"stat.useItem.minecraft.fence_gate":7,"stat.drop.minecraft.diamond":96,"stat.useItem.minecraft.spawn_egg":69,"stat.useItem.minecraft.red_glazed_terracotta":46,"stat.craftItem.minecraft.birch_door":9,"stat.trappedChestTriggered":92,"stat.useItem.minecraft.oak_stairs":39,"stat.mineBlock.minecraft.dark_oak_stairs":55,"stat.useItem.minecraft.dark_oak_stairs":199,"stat.drop.minecraft.stone_slab":2,"stat.useItem.minecraft.minecart":5,"stat.pickup.minecraft.furnace":31,"stat.useItem.minecraft.cooked_mutton":7,"stat.useItem.minecraft.redstone":153,"stat.drop.minecraft.stained_hardened_clay":388,"stat.pickup.minecraft.iron_chestplate":10,"stat.pickup.minecraft.skull":3,"stat.useItem.minecraft.stone_stairs":30,"stat.pickup.minecraft.stone_stairs":11,"stat.useItem.minecraft.hopper":124,"stat.mineBlock.minecraft.soul_sand":20,"stat.mineBlock.minecraft.oak_stairs":19,"stat.playOneMinute":3244850,"stat.pickup.minecraft.blaze_rod":4,"stat.drop.minecraft.string":14,"stat.drop.minecraft.chest":1,"stat.pickup.minecraft.netherrack":832,"stat.pickup.minecraft.pumpkin":14,"stat.pickup.minecraft.red_glazed_terracotta":24,"stat.mineBlock.minecraft.dark_oak_fence":7,"stat.drop.minecraft.hopper":1,"stat.mineBlock.minecraft.netherrack":777,"stat.pickup.minecraft.waterlily":16,"stat.craftItem.minecraft.dark_oak_stairs":92,"stat.craftItem.minecraft.redstone_torch":90,"stat.drop.minecraft.flint":2,"stat.craftItem.minecraft.golden_rail":54,"stat.pickup.minecraft.detector_rail":4,"stat.craftItem.minecraft.iron_hoe":1,"stat.pickup.minecraft.cooked_chicken":288,"stat.fallOneCm":1146617,"stat.drop.minecraft.stone":332,"stat.useItem.minecraft.trapped_chest":13,"stat.pickup.minecraft.dropper":2,"stat.craftItem.minecraft.chest":56,"stat.mineBlock.minecraft.lever":22,"stat.pickup.minecraft.red_mushroom":15,"stat.pickup.minecraft.golden_leggings":2,"stat.useItem.minecraft.iron_hoe":3,"stat.dropperInspected":13,"stat.pickup.minecraft.comparator":4,"stat.useItem.minecraft.golden_rail":542,"stat.pickup.minecraft.feather":44,"stat.drop.minecraft.bone":3,"stat.useItem.minecraft.furnace":130,"stat.pickup.minecraft.slime":47,"stat.pickup.minecraft.iron_leggings":3,"stat.pickup.minecraft.lead":1,"stat.mineBlock.minecraft.gravel":49,"stat.breakItem.minecraft.stone_axe":1,"stat.useItem.minecraft.stone_pickaxe":180,"stat.craftItem.minecraft.iron_leggings":3,"stat.drop.minecraft.diamond_hoe":1,"stat.useItem.minecraft.wool":176,"stat.craftItem.minecraft.oak_stairs":28,"stat.drop.minecraft.stick":2,"stat.drop.minecraft.iron_axe":1,"stat.useItem.minecraft.iron_bars":28,"stat.pickup.minecraft.flint_and_steel":3,"stat.useItem.minecraft.torch":1090,"stat.drop.minecraft.stone_brick_stairs":4,"stat.craftItem.minecraft.stone_stairs":24,"stat.pickup.minecraft.crafting_table":33,"stat.useItem.minecraft.log":587,"stat.useItem.minecraft.comparator":12,"stat.craftItem.minecraft.crafting_table":19,"stat.craftItem.minecraft.boat":1,"stat.killEntity.LavaSlime":5,"stat.pickup.minecraft.log":619,"stat.drop.minecraft.stonebrick":84,"stat.craftItem.minecraft.stone_button":2,"stat.mineBlock.minecraft.golden_rail":111,"stat.craftItem.minecraft.hopper_minecart":1,"stat.drop.minecraft.planks":15,"stat.pickup.minecraft.sapling":95,"stat.craftItem.minecraft.red_glazed_terracotta":117,"stat.pickup.minecraft.wooden_door":7,"stat.entityKilledBy.Enderman":1,"stat.breakItem.minecraft.iron_chestplate":1,"stat.useItem.minecraft.birch_door":15,"stat.drop.minecraft.dropper":1,"stat.killEntity.WitherSkeleton":2,"stat.craftItem.minecraft.cooked_chicken":32,"stat.useItem.minecraft.stone_hoe":25,"stat.craftItem.minecraft.golden_boots":1,"stat.sneakTime":46904,"stat.mineBlock.minecraft.cobblestone_wall":60,"stat.pickup.minecraft.stone_slab":138,"stat.drop.minecraft.yellow_flower":1,"stat.pickup.minecraft.yellow_flower":17,"stat.pickup.minecraft.golden_rail":393,"stat.useItem.minecraft.fishing_rod":110,"stat.pickup.minecraft.chest":177,"stat.craftItem.minecraft.diamond_chestplate":1,"stat.pickup.minecraft.bone":93,"stat.craftItem.minecraft.sticky_piston":16,"stat.pickup.minecraft.redstone_torch":45,"stat.useItem.minecraft.repeater":62,"stat.useItem.minecraft.log2":984,"stat.mineBlock.minecraft.slime":47,"stat.craftItem.minecraft.stone_brick_stairs":124,"stat.mineBlock.minecraft.brown_mushroom":5,"stat.useItem.minecraft.diamond_sword":594,"stat.swimOneCm":202326,"stat.climbOneCm":150602,"stat.drop.minecraft.sticky_piston":2,"stat.craftItem.minecraft.golden_chestplate":1,"stat.useItem.minecraft.redstone_torch":75,"stat.useItem.minecraft.dirt":701,"stat.pickup.minecraft.golden_helmet":7,"stat.craftItem.minecraft.bone_block":8,"stat.useItem.minecraft.iron_ore":2,"stat.craftItem.minecraft.trapdoor":54,"stat.craftItem.minecraft.stone_pickaxe":1,"stat.mineBlock.minecraft.magma":73,"stat.pickup.minecraft.cobblestone":5059,"stat.mineBlock.minecraft.carpet":21,"stat.pickup.minecraft.soul_sand":20,"stat.craftItem.minecraft.golden_axe":4,"stat.useItem.minecraft.cooked_beef":33,"stat.craftItem.minecraft.wooden_slab":360,"stat.pickup.minecraft.cactus":39,"stat.pickup.minecraft.redstone":1232,"stat.mineBlock.minecraft.iron_ore":605,"stat.craftItem.minecraft.book":33,"stat.useItem.minecraft.sign":10,"stat.drop.minecraft.log":3,"stat.pickup.minecraft.mutton":7,"stat.useItem.minecraft.noteblock":1,"stat.useItem.minecraft.lever":61,"stat.pickup.minecraft.stonebrick":281,"stat.drop.minecraft.dirt":59,"stat.useItem.minecraft.cooked_porkchop":20,"stat.pickup.minecraft.iron_shovel":6,"stat.pickup.minecraft.trapdoor":10,"stat.pickup.minecraft.carpet":46,"stat.useItem.minecraft.chest_minecart":5,"stat.drop.minecraft.log2":45,"stat.useItem.minecraft.golden_axe":132,"stat.drop.minecraft.compass":1,"stat.useItem.minecraft.spruce_fence":43,"stat.craftItem.minecraft.chest_minecart":5,"stat.craftItem.minecraft.stick":728,"stat.useItem.minecraft.stone_slab":1707,"stat.craftItem.minecraft.stained_hardened_clay":888,"stat.useItem.minecraft.bed":7,"stat.craftItem.minecraft.stone":1308,"stat.pickup.minecraft.grass":1,"stat.mineBlock.minecraft.crafting_table":28,"stat.useItem.minecraft.stone_pressure_plate":1,"stat.useItem.minecraft.diamond_pickaxe":9981,"stat.useItem.minecraft.bucket":163,"stat.entityKilledBy.Creeper":3,"stat.mineBlock.minecraft.planks":142,"stat.drop":295,"stat.pickup.minecraft.stone_button":2,"stat.killEntity.Sheep":4,"stat.pickup.minecraft.slime_ball":54,"stat.craftItem.minecraft.diamond_pickaxe":8,"stat.craftItem.minecraft.piston":22,"stat.pickup.minecraft.gravel":56,"stat.drop.minecraft.cooked_beef":5,"stat.killEntity.Slime":60,"stat.useItem.minecraft.waterlily":16,"stat.useItem.minecraft.apple":3,"stat.mineBlock.minecraft.deadbush":75,"stat.useItem.minecraft.carpet":25,"stat.pickup.minecraft.stone_brick_stairs":38,"stat.drop.minecraft.cooked_porkchop":2,"stat.pickup.minecraft.diamond_sword":5,"stat.pickup.minecraft.fence":8,"stat.pickup.minecraft.iron_helmet":3,"stat.useItem.minecraft.stone_axe":278,"stat.craftItem.minecraft.bread":13,"stat.pickup.minecraft.spider_eye":57,"stat.useItem.minecraft.mycelium":40,"stat.craftItem.minecraft.iron_helmet":3,"stat.useItem.minecraft.stone_button":5,"stat.craftItem.minecraft.rail":16,"stat.useItem.minecraft.cooked_chicken":466,"stat.pickup.minecraft.iron_ore":627,"stat.boatOneCm":171794,"stat.mineBlock.minecraft.leaves2":22,"stat.mineBlock.minecraft.stone_stairs":4,"stat.pickup.minecraft.leather":92,"stat.mineBlock.minecraft.furnace":30,"stat.dispenserInspected":52,"stat.pickup.minecraft.dark_oak_fence":7,"stat.mineBlock.minecraft.mycelium":32,"stat.pickup.minecraft.reeds":248,"stat.craftItem.minecraft.netherbrick":85,"stat.useItem.minecraft.magma":1,"stat.pickup.minecraft.oak_stairs":19,"stat.damageDealt":88278,"stat.craftItem.minecraft.glass":177,"stat.drop.minecraft.cooked_chicken":18,"stat.sleepInBed":54,"stat.killEntity.Cow":23,"stat.useItem.minecraft.crafting_table":42,"stat.pickup.minecraft.minecart":11,"stat.killEntity.Pig":12,"stat.craftItem.minecraft.iron_sword":5,"stat.pickup.minecraft.boat":11,"stat.walkOneCm":7268162,"stat.pickup.minecraft.stick":108,"stat.breakItem.minecraft.stone_pickaxe":1,"stat.craftItem.minecraft.diamond_boots":1,"stat.pickup.minecraft.tnt":13,"stat.pickup.minecraft.stone":1692,"stat.useItem.minecraft.leaves":3,"stat.craftItem.minecraft.minecart":5,"stat.useItem.minecraft.cactus":70,"stat.pickup.minecraft.gold_ingot":8,"stat.killEntity.Skeleton":65,"stat.mineBlock.minecraft.cactus":12,"stat.killEntity.Chicken":41,"stat.pickup.minecraft.netherbrick":1,"stat.mineBlock.minecraft.redstone_torch":15,"stat.killEntity.Spider":82,"stat.mineBlock.minecraft.quartz_ore":243,"stat.pickup.minecraft.bread":5,"stat.craftItem.minecraft.tnt":4,"stat.pickup.minecraft.concrete_powder":3,"stat.pickup.minecraft.quartz":406,"stat.craftItem.minecraft.fence":102,"stat.useItem.minecraft.golden_apple":1,"stat.breakItem.minecraft.iron_axe":3,"stat.pickup.minecraft.water_bucket":4,"stat.mineBlock.minecraft.leaves":168,"stat.useItem.minecraft.hopper_minecart":2,"stat.mineBlock.minecraft.redstone_ore":210,"stat.pickup.minecraft.lava_bucket":71,"stat.mineBlock.minecraft.stone":4733}