{"stat.chestOpened":68,"stat.pickup.minecraft.pumpkin":3,"stat.useItem.minecraft.quartz_block":5,"stat.useItem.minecraft.stone":4,"stat.leaveGame":1,"stat.pickup.minecraft.iron_sword":1,"stat.useItem.minecraft.log2":16,"stat.mineBlock.minecraft.cobblestone":6,"stat.drop.minecraft.gunpowder":2,"stat.craftItem.minecraft.stone_brick_stairs":4,"stat.craftItem.minecraft.quartz_block":4,"stat.useItem.minecraft.glowstone":6,"stat.useItem.minecraft.rotten_flesh":10,"stat.pickup.minecraft.stone_brick_stairs":2,"stat.jump":984,"stat.swimOneCm":779,"stat.fallOneCm":17880,"stat.pickup.minecraft.glowstone":15,"stat.drop.minecraft.cobblestone":63,"stat.drop.minecraft.dye":4,"stat.pickup.minecraft.cooked_porkchop":2,"stat.pickup.minecraft.gunpowder":4,"stat.craftItem.minecraft.bread":4,"stat.crouchOneCm":10722,"stat.drop.minecraft.gold_ore":35,"stat.breakItem.minecraft.iron_pickaxe":1,"stat.useItem.minecraft.nether_brick_fence":5,"stat.craftItem.minecraft.iron_ingot":22,"stat.mineBlock.minecraft.hardened_clay":13,"stat.pickup.minecraft.leaves2":64,"stat.drop.minecraft.iron_sword":2,"stat.craftingTableInteraction":26,"stat.mineBlock.minecraft.stone_brick_stairs":2,"stat.pickup.minecraft.iron_ore":15,"stat.mineBlock.minecraft.nether_brick_fence":5,"stat.pickup.minecraft.rotten_flesh":16,"stat.pickup.minecraft.sand":9,"stat.pickup.minecraft.nether_brick_fence":5,"stat.pickup.minecraft.gold_ore":35,"stat.pickup.minecraft.hardened_clay":12,"stat.pickup.minecraft.leaves":123,"stat.mineBlock.minecraft.leaves2":80,"stat.useItem.minecraft.leaves2":22,"stat.mineBlock.minecraft.log2":1,"stat.damageTaken":536,"stat.useItem.minecraft.dark_oak_fence":4,"stat.useItem.minecraft.stone_brick_stairs":3,"stat.craftItem.minecraft.trapdoor":8,"stat.drop.minecraft.iron_leggings":1,"stat.pickup.minecraft.dark_oak_fence":12,"stat.pickup.minecraft.shears":1,"stat.pickup.minecraft.cobblestone":64,"stat.craftItem.minecraft.nether_brick":29,"stat.pickup.minecraft.log2":45,"stat.flyOneCm":153458,"stat.drop.minecraft.iron_helmet":1,"stat.craftItem.minecraft.netherbrick":32,"stat.pickup.minecraft.wheat_seeds":22,"stat.pickup.minecraft.quartz_block":2,"stat.useItem.minecraft.cooked_beef":1,"stat.pickup.minecraft.cactus":25,"stat.craftItem.minecraft.stained_glass":16,"stat.damageDealt":1479,"stat.craftItem.minecraft.glass":16,"stat.craftItem.minecraft.cauldron":2,"stat.mineBlock.minecraft.iron_ore":15,"stat.sleepInBed":5,"stat.timeSinceDeath":90287,"stat.useItem.minecraft.iron_pickaxe":5,"stat.pickup.minecraft.stained_hardened_clay":59,"stat.craftItem.minecraft.stone_slab":6,"stat.walkOneCm":380358,"stat.useItem.minecraft.bread":2,"stat.pickup.minecraft.diamond_pickaxe":2,"stat.craftItem.minecraft.stone_stairs":8,"stat.pickup.minecraft.stonebrick":18,"stat.useItem.minecraft.cobblestone":19,"stat.furnaceInteraction":61,"stat.useItem.minecraft.cooked_porkchop":4,"stat.pickup.minecraft.trapdoor":10,"stat.mineBlock.minecraft.nether_brick":5,"stat.killEntity.Creeper":3,"stat.craftItem.minecraft.nether_brick_fence":6,"stat.pickup.minecraft.nether_brick":2,"stat.drop.minecraft.iron_chestplate":1,"stat.pickup.minecraft.stone":17,"stat.useItem.minecraft.stained_hardened_clay":128,"stat.mineBlock.minecraft.stained_hardened_clay":67,"stat.useItem.minecraft.trapdoor":14,"stat.sprintOneCm":303903,"stat.useItem.minecraft.stained_glass":16,"stat.mineBlock.minecraft.stone_slab":13,"stat.pickup.minecraft.cooked_beef":1,"stat.useItem.minecraft.cactus":9,"stat.useItem.minecraft.stone_stairs":5,"stat.useItem.minecraft.stone_slab":15,"stat.craftItem.minecraft.stained_hardened_clay":128,"stat.mineBlock.minecraft.cactus":9,"stat.mineBlock.minecraft.stonebrick":19,"stat.pickup.minecraft.stone_stairs":4,"stat.useItem.minecraft.iron_sword":31,"stat.craftItem.minecraft.planks":28,"stat.useItem.minecraft.cauldron":2,"stat.useItem.minecraft.wheat_seeds":22,"stat.useItem.minecraft.diamond_pickaxe":252,"stat.mineBlock.minecraft.quartz_block":2,"stat.mobKills":8,"stat.useItem.minecraft.stonebrick":7,"stat.drop":15,"stat.mineBlock.minecraft.leaves":149,"stat.playOneMinute":90287,"stat.useItem.minecraft.nether_brick":5,"stat.sneakTime":3423,"stat.drop.minecraft.iron_boots":1,"stat.useItem.minecraft.shears":218,"stat.drop.minecraft.quartz_block":1,"stat.killEntity.Zombie":5,"stat.craftItem.minecraft.dye":22,"stat.drop.minecraft.bread":2,"stat.pickup.minecraft.stone_slab":11,"stat.mineBlock.minecraft.stone":75,"stat.mineBlock.minecraft.gold_ore":35,"stat.diveOneCm":1370,"stat.drop.minecraft.diamond_pickaxe":2,"stat.pickup.minecraft.wheat":14}