{"stat.chestOpened":8,"stat.pickup.minecraft.bone":10,"stat.pickup.minecraft.redstone_torch":14,"stat.useItem.minecraft.stone":1,"stat.useItem.minecraft.iron_axe":5,"stat.drop.minecraft.detector_rail":4,"stat.leaveGame":3,"stat.pickup.minecraft.iron_sword":2,"stat.pickup.minecraft.arrow":5,"stat.drop.minecraft.glowstone_dust":108,"stat.drop.minecraft.cooked_beef":64,"stat.mineBlock.minecraft.cobblestone":1,"stat.drop.minecraft.ladder":29,"stat.drop.minecraft.red_mushroom":1,"stat.drop.minecraft.redstone":64,"stat.pickup.minecraft.obsidian":29,"stat.pickup.minecraft.detector_rail":4,"stat.mineBlock.minecraft.brown_mushroom":1,"stat.useItem.minecraft.diamond_sword":60,"stat.drop.minecraft.iron_pickaxe":3,"stat.pickup.minecraft.diamond_sword":2,"stat.pickup.minecraft.fishing_rod":2,"stat.jump":1684,"stat.swimOneCm":7418,"stat.pickup.minecraft.fence":4,"stat.pickup.minecraft.cooked_chicken":223,"stat.pickup.minecraft.coal":78,"stat.pickup.minecraft.iron_helmet":1,"stat.fallOneCm":41707,"stat.pickup.minecraft.iron_ingot":23,"stat.drop.minecraft.stone":3,"stat.mineBlock.minecraft.web":6,"stat.pickup.minecraft.golden_boots":3,"stat.drop.minecraft.cobblestone":18,"stat.pickup.minecraft.glowstone_dust":108,"stat.drop.minecraft.diamond_sword":1,"stat.crouchOneCm":2568,"stat.pickup.minecraft.rail":158,"stat.craftItem.minecraft.torch":32,"stat.craftItem.minecraft.iron_ingot":23,"stat.drop.minecraft.quartz":32,"stat.pickup.minecraft.golden_helmet":3,"stat.useItem.minecraft.dirt":74,"stat.drop.minecraft.iron_shovel":1,"stat.pickup.minecraft.red_mushroom":2,"stat.pickup.minecraft.golden_leggings":3,"stat.pickup.minecraft.bow":1,"stat.pickup.minecraft.iron_boots":2,"stat.drop.minecraft.iron_sword":2,"stat.useItem.minecraft.cooked_chicken":16,"stat.mineBlock.minecraft.red_mushroom":1,"stat.useItem.minecraft.water_bucket":8,"stat.pickup.minecraft.iron_ore":96,"stat.drop.minecraft.redstone_torch":7,"stat.pickup.minecraft.rotten_flesh":17,"stat.useItem.minecraft.diamond_hoe":56,"stat.useItem.minecraft.dispenser":6,"stat.drop.minecraft.golden_leggings":1,"stat.drop.minecraft.golden_helmet":3,"stat.pickup.minecraft.iron_axe":4,"stat.damageTaken":1325,"stat.pickup.minecraft.leather":6,"stat.drop.minecraft.iron_leggings":2,"stat.pickup.minecraft.name_tag":1,"stat.drop.minecraft.bone":3,"stat.useItem.minecraft.furnace":1,"stat.dispenserInspected":7,"stat.drop.minecraft.water_bucket":2,"stat.pickup.minecraft.cobblestone":98,"stat.pickup.minecraft.log2":136,"stat.drop.minecraft.fence":4,"stat.pickup.minecraft.planks":5,"stat.pickup.minecraft.iron_leggings":1,"stat.killEntity.CaveSpider":2,"stat.flyOneCm":885716,"stat.drop.minecraft.iron_helmet":2,"stat.entityKilledBy.Zombie":2,"stat.drop.minecraft.wheat_seeds":1,"stat.killEntity.MushroomCow":7,"stat.drop.minecraft.fence_gate":1,"stat.damageDealt":3625,"stat.drop.minecraft.cooked_chicken":20,"stat.pickup.minecraft.redstone":7,"stat.mineBlock.minecraft.iron_ore":61,"stat.timeSinceDeath":50061,"stat.useItem.minecraft.fence_gate":2,"stat.killEntity.Cow":1,"stat.useItem.minecraft.iron_pickaxe":148,"stat.pickup.minecraft.minecart":2,"stat.drop.minecraft.log":32,"stat.useItem.minecraft.spawn_egg":67,"stat.drop.minecraft.name_tag":1,"stat.drop.minecraft.stick":6,"stat.drop.minecraft.iron_axe":2,"stat.pickup.minecraft.flint_and_steel":3,"stat.walkOneCm":169555,"stat.drop.minecraft.coal":31,"stat.useItem.minecraft.torch":4,"stat.useItem.minecraft.bread":3,"stat.pickup.minecraft.golden_apple":1,"stat.playerKills":1,"stat.drop.minecraft.rail":128,"stat.useItem.minecraft.lever":1,"stat.pickup.minecraft.stick":6,"stat.pickup.minecraft.diamond_pickaxe":2,"stat.drop.minecraft.rotten_flesh":12,"stat.useItem.minecraft.log":122,"stat.drop.minecraft.golden_boots":2,"stat.useItem.minecraft.oak_stairs":42,"stat.useItem.minecraft.cobblestone":15,"stat.furnaceInteraction":7,"stat.drop.minecraft.flint_and_steel":3,"stat.pickup.minecraft.iron_shovel":2,"stat.mineBlock.minecraft.coal_ore":65,"stat.drop.minecraft.netherrack":116,"stat.pickup.minecraft.string":9,"stat.pickup.minecraft.log":64,"stat.drop.minecraft.log2":64,"stat.pickup.minecraft.iron_pickaxe":5,"stat.pickup.minecraft.beef":11,"stat.pickup.minecraft.furnace":1,"stat.drop.minecraft.iron_ore":82,"stat.useItem.minecraft.redstone":10,"stat.drop.minecraft.iron_chestplate":2,"stat.pickup.minecraft.stone":3,"stat.sprintOneCm":215675,"stat.drop.minecraft.fishing_rod":1,"stat.pickup.minecraft.iron_chestplate":4,"stat.drop.minecraft.leather":6,"stat.pickup.minecraft.ladder":29,"stat.pickup.minecraft.cooked_beef":64,"stat.useItem.minecraft.fence":24,"stat.craftItem.minecraft.stick":8,"stat.pickup.minecraft.gold_ingot":1,"stat.killEntity.Skeleton":3,"stat.drop.minecraft.bow":1,"stat.useItem.minecraft.iron_sword":109,"stat.craftItem.minecraft.planks":4,"stat.mineBlock.minecraft.fence":4,"stat.useItem.minecraft.wheat_seeds":55,"stat.pickup.minecraft.bread":3,"stat.mobKills":16,"stat.useItem.minecraft.dye":132,"stat.pickup.minecraft.quartz":32,"stat.pickup.minecraft.water_bucket":3,"stat.deaths":2,"stat.useItem.minecraft.monster_egg":14,"stat.drop":81,"stat.playOneMinute":88876,"stat.pickup.minecraft.torch":28,"stat.drop.minecraft.string":3,"stat.drop.minecraft.golden_rail":111,"stat.sneakTime":1281,"stat.drop.minecraft.iron_boots":3,"stat.drop.minecraft.beef":11,"stat.killEntity.Zombie":3,"stat.drop.minecraft.chest":2,"stat.drop.minecraft.bread":3,"stat.drop.minecraft.iron_ingot":46,"stat.pickup.minecraft.golden_rail":110,"stat.mineBlock.minecraft.stone":19,"stat.pickup.minecraft.netherrack":116,"stat.diveOneCm":15012,"stat.drop.minecraft.diamond_pickaxe":1,"stat.pickup.minecraft.chest":2}