{
  "type": "minecraft:crafting_shapeless",
  "ingredients": [
    [{
      "item": "minecraft:brown_mushroom"
    },
    {
      "item": "minecraft:red_mushroom"
    },
    {
      "item": "minecraft:warped_fungus"
    },
    {
      "item": "minecraft:crimson_fungus"
    }],
    [{
      "item": "minecraft:brown_mushroom"
    },
    {
      "item": "minecraft:red_mushroom"
    },
    {
      "item": "minecraft:warped_fungus"
    },
    {
      "item": "minecraft:crimson_fungus"
    }],
    {
      "item": "minecraft:bowl"
    }
  ],
  "result": {
    "item": "minecraft:mushroom_stew"
  }
}