{
  "parent": "minecraft:recipes/root",
  "rewards": {
    "recipes": [
      "minecraft:iron_nugget_from_smelting"
    ]
  },
  "criteria": {
    "has_iron_pickaxe": {
      "trigger": "minecraft:inventory_changed",
      "conditions": {
        "items": [
          {
            "item": "minecraft:iron_pickaxe"
          }
        ]
      }
    },
    "has_iron_shovel": {
      "trigger": "minecraft:inventory_changed",
      "conditions": {
        "items": [
          {
            "item": "minecraft:iron_shovel"
          }
        ]
      }
    },
    "has_iron_axe": {
      "trigger": "minecraft:inventory_changed",
      "conditions": {
        "items": [
          {
            "item": "minecraft:iron_axe"
          }
        ]
      }
    },
    "has_iron_hoe": {
      "trigger": "minecraft:inventory_changed",
      "conditions": {
        "items": [
          {
            "item": "minecraft:iron_hoe"
          }
        ]
      }
    },
    "has_iron_sword": {
      "trigger": "minecraft:inventory_changed",
      "conditions": {
        "items": [
          {
            "item": "minecraft:iron_sword"
          }
        ]
      }
    },
    "has_iron_helmet": {
      "trigger": "minecraft:inventory_changed",
      "conditions": {
        "items": [
          {
            "item": "minecraft:iron_helmet"
          }
        ]
      }
    },
    "has_iron_chestplate": {
      "trigger": "minecraft:inventory_changed",
      "conditions": {
        "items": [
          {
            "item": "minecraft:iron_chestplate"
          }
        ]
      }
    },
    "has_iron_leggings": {
      "trigger": "minecraft:inventory_changed",
      "conditions": {
        "items": [
          {
            "item": "minecraft:iron_leggings"
          }
        ]
      }
    },
    "has_iron_boots": {
      "trigger": "minecraft:inventory_changed",
      "conditions": {
        "items": [
          {
            "item": "minecraft:iron_boots"
          }
        ]
      }
    },
    "has_iron_horse_armor": {
      "trigger": "minecraft:inventory_changed",
      "conditions": {
        "items": [
          {
            "item": "minecraft:iron_horse_armor"
          }
        ]
      }
    },
    "has_chainmail_helmet": {
      "trigger": "minecraft:inventory_changed",
      "conditions": {
        "items": [
          {
            "item": "minecraft:chainmail_helmet"
          }
        ]
      }
    },
    "has_chainmail_chestplate": {
      "trigger": "minecraft:inventory_changed",
      "conditions": {
        "items": [
          {
            "item": "minecraft:chainmail_chestplate"
          }
        ]
      }
    },
    "has_chainmail_leggings": {
      "trigger": "minecraft:inventory_changed",
      "conditions": {
        "items": [
          {
            "item": "minecraft:chainmail_leggings"
          }
        ]
      }
    },
    "has_chainmail_boots": {
      "trigger": "minecraft:inventory_changed",
      "conditions": {
        "items": [
          {
            "item": "minecraft:chainmail_boots"
          }
        ]
      }
    },
    "has_the_recipe": {
      "trigger": "minecraft:recipe_unlocked",
      "conditions": {
        "recipe": "minecraft:iron_nugget_from_smelting"
      }
    }
  },
  "requirements": [
    [
      "has_iron_pickaxe",
      "has_iron_shovel",
      "has_iron_axe",
      "has_iron_hoe",
      "has_iron_sword",
      "has_iron_helmet",
      "has_iron_chestplate",
      "has_iron_leggings",
      "has_iron_boots",
      "has_iron_horse_armor",
      "has_chainmail_helmet",
      "has_chainmail_chestplate",
      "has_chainmail_leggings",
      "has_chainmail_boots",
      "has_the_recipe"
    ]
  ]
}