{
  "parent": "minecraft:recipes/root",
  "rewards": {
    "recipes": [
      "minecraft:leather"
    ]
  },
  "criteria": {
    "has_rabbit_hide": {
      "trigger": "minecraft:inventory_changed",
      "conditions": {
        "items": [
          {
            "item": "minecraft:rabbit_hide"
          }
        ]
      }
    },
    "has_the_recipe": {
      "trigger": "minecraft:recipe_unlocked",
      "conditions": {
        "recipe": "minecraft:leather"
      }
    }
  },
  "requirements": [
    [
      "has_rabbit_hide",
      "has_the_recipe"
    ]
  ]
}