{
  "parent": "minecraft:recipes/root",
  "rewards": {
    "recipes": [
      "minecraft:light_blue_dye_from_blue_orchid"
    ]
  },
  "criteria": {
    "has_red_flower": {
      "trigger": "minecraft:inventory_changed",
      "conditions": {
        "items": [
          {
            "item": "minecraft:blue_orchid"
          }
        ]
      }
    },
    "has_the_recipe": {
      "trigger": "minecraft:recipe_unlocked",
      "conditions": {
        "recipe": "minecraft:light_blue_dye_from_blue_orchid"
      }
    }
  },
  "requirements": [
    [
      "has_red_flower",
      "has_the_recipe"
    ]
  ]
}